contact_id,type,info
11,mobile,(696) 234-6764
11,fax,(696) 234-1544
205,fax,(696) 233-7141
52,fax,(696) 233-1702
52,mobile,(696) 233-5777
71,mobile,(696) 235-5468
16,mobile,(696) 234-1442
16,fax,(696) 232-9018
50,mobile,(696) 234-7178
44,mobile,(696) 236-0478
44,fax,(696) 233-3044
51,fax,(696) 235-0139
51,mobile,(696) 236-1802
120,fax,(696) 234-1975
23,mobile,(696) 235-1507
23,fax,(696) 234-1569
43,mobile,(696) 236-3403
43,fax,(696) 233-4462
54,mobile,(696) 236-1326
54,fax,(696) 234-6546
18,mobile,(696) 236-6116
18,fax,(696) 234-1588
35,mobile,(696) 235-0830
35,fax,(696) 234-1058
33,mobile,(696) 236-5754
33,fax,(696) 234-7514
7,mobile,(696) 235-5505
7,fax,(696) 235-3379
22,mobile,(696) 233-9777
22,fax,(696) 233-2779
55,mobile,(696) 235-7821
55,fax,(696) 234-0341
2,mobile,(696) 236-1338
2,fax,(696) 235-2281
36,mobile,(696) 234-0402
36,fax,(696) 233-6458
24,mobile,(696) 233-9077
24,fax,(696) 235-0107
27,mobile,(696) 236-0852
27,fax,(696) 233-2024
58,mobile,(696) 236-4221
58,fax,(696) 234-9642
63,mobile,(696) 235-1143
67,mobile,(696) 237-5000
72,mobile,(696) 235-3688
1,mobile,(696) 236-6785
1,fax,(696) 233-2699
20,mobile,(696) 236-7087
20,fax,(696) 234-3696
19,fax,(696) 235-3992
19,mobile,(696) 234-9404
21,mobile,(696) 236-1062
21,fax,(696) 234-2791
31,mobile,(696) 234-5193
31,fax,(696) 235-7356
37,mobile,(696) 236-7745
37,fax,(696) 232-9265
45,mobile,(696) 233-8371
45,fax,(696) 235-3925
47,fax,(696) 234-1903
47,mobile,(696) 235-9925
0,mobile,(696) 235-4228
0,fax,(696) 233-6299
13,mobile,(696) 236-2624
13,fax,(696) 233-5867
61,mobile,(696) 233-6576
61,fax,(696) 235-7256
66,mobile,(696) 234-7523
70,mobile,(696) 235-4951
8,mobile,(696) 234-3429
8,fax,(696) 233-7345
12,mobile,(696) 234-1283
12,fax,(696) 235-2386
17,mobile,(696) 235-1661
17,fax,(696) 233-9838
34,mobile,(696) 234-4264
34,fax,(696) 234-4924
49,mobile,(696) 234-0677
49,fax,(696) 234-5061
60,mobile,(696) 235-4955
60,fax,(696) 234-8790
64,fax,(696) 235-0545
64,mobile,(696) 236-2836
4,mobile,(696) 234-6149
4,fax,(696) 235-6180
9,mobile,(696) 234-6254
9,fax,(696) 235-8479
48,mobile,(696) 236-1161
41,mobile,(696) 234-9319
41,fax,(696) 236-0202
46,mobile,(696) 235-7049
46,fax,(696) 233-6694
25,mobile,(696) 235-3399
25,fax,(696) 235-5235
30,mobile,(696) 233-6654
30,fax,(696) 232-9865
53,mobile,(696) 234-2926
53,fax,(696) 233-0970
56,mobile,(696) 234-9575
56,fax,(696) 232-8538
59,mobile,(696) 234-9653
59,fax,(696) 234-0895
135,fax,(696) 234-7912
6,mobile,(696) 234-5835
6,fax,(696) 233-3104
15,mobile,(696) 235-6556
15,fax,(696) 232-9562
198,fax,(696) 235-7681
40,mobile,(696) 235-4139
40,fax,(696) 233-4638
42,mobile,(696) 235-0398
42,fax,(696) 234-4353
3,mobile,(696) 233-6659
10,mobile,(696) 233-9525
10,fax,(696) 233-2416
29,mobile,(696) 235-4376
29,fax,(696) 233-4545
39,mobile,(696) 236-6688
39,fax,(696) 235-6845
38,mobile,(696) 235-2791
38,fax,(696) 234-7056
57,mobile,(696) 236-4087
57,fax,(696) 234-1607
62,mobile,(696) 235-0176
62,fax,(696) 235-6179
68,mobile,(696) 237-7087
26,mobile,(696) 235-4851
26,fax,(696) 236-0226
28,mobile,(696) 234-6805
28,fax,(696) 234-8996
32,mobile,(696) 233-9321
32,fax,(696) 233-0768
65,mobile,(696) 236-3267
69,mobile,(696) 235-2782
122,fax,(696) 235-7681
5,mobile,(696) 233-8714
5,fax,(696) 235-3240
14,mobile,(696) 234-0041
14,fax,(696) 234-3397
