equipment_notice_id,notice_name,equipment_id,prepared_on,sent_on
10008359,Test Due #1,2001967,2008-10-07,2008-10-07
10015665,Test Due #1,2002020,2009-01-13,2009-01-13
10020338,Test Due #1,2000816,2009-02-16,2009-02-16
10020668,Test Due #1,2001403,2009-02-16,2009-02-16
10036872,Test Due #2,2003002,2011-12-19,2011-10-01
10027542,Test Due #3,2002040,2009-04-27,2009-04-27
10025378,Test Due #1,2000593,2009-03-19,2009-03-19
10037094,Test Due #2,2001404,2013-03-05,2012-06-01
10036768,Test Due #1,2000445,2011-09-06,2011-05-01
10036741,Test Due #2,2002040,2011-09-01,2011-05-01
10018068,Test Due #1,2001439,2009-02-02,2009-02-02
10019035,Test Due #1,2000999,2009-02-06,2009-02-06
10025832,Test Due #1,2001403,2009-03-19,2009-03-19
10026500,Test Due #1,2002475,2009-03-19,2009-03-19
10037055,Test Due #1,2001214,2013-03-05,2012-04-01
10036810,Test Due #2,2001569,2011-09-06,2011-07-01
10018315,Test Due #1,2002459,2009-02-02,2009-02-02
10021056,Test Due #1,2002020,2009-02-16,2009-02-16
10037189,Test Due #1,2001007,2014-04-11,2014-04-11
10036866,Test Due #1,2001439,2011-12-19,2011-11-01
10036771,Test Due #1,2000949,2011-09-06,2011-05-01
10025736,Test Due #1,2001214,2009-03-19,2009-03-19
10026195,Test Due #1,2001967,2009-03-19,2009-03-19
10037205,Test Due #1,2001214,2014-04-11,2014-04-11
10036533,Test Due #3,2001248,2010-12-21,2010-12-16
10008234,Test Due #1,2000949,2008-10-07,2008-10-07
10036859,Test Due #1,2000406,2011-12-19,2011-11-01
10036857,Test Due #1,2003089,2011-12-19,2011-10-01
10036776,Test Due #1,2001382,2011-09-06,2011-04-01
10036177,Failed Test Notice 1,2002020,2010-12-10,2010-08-26
10036877,Test Due #2,2002989,2011-12-19,2011-11-01
10009657,Test Due #1,2001403,2008-10-07,2008-10-07
10036630,Test Due #1,2000345,2011-03-25,2011-01-01
10015415,Test Due #1,2001532,2009-01-13,2009-01-13
10025276,Test Due #1,2000445,2009-03-19,2009-03-19
10031075,Test Due #1,2003002,2010-03-29,2010-01-29
10031952,Test Due #1,2001403,2010-03-29,2010-03-01
10036803,Test Due #2,2000949,2011-09-06,2011-06-01
10036773,Test Due #1,2001404,2011-09-06,2011-05-01
10035555,Test Due #1,2001970,2010-06-14,2010-06-01
10009438,Test Due #1,2000593,2008-10-07,2008-10-07
10015416,Test Due #1,2001533,2009-01-13,2009-01-13
10020233,Test Due #1,2000621,2009-02-16,2009-02-16
10036690,Test Due #3,2000882,2011-03-25,2011-01-17
10025950,Test Due #1,2001590,2009-03-19,2009-03-19
10037185,Test Due #1,2000949,2014-04-11,2014-04-11
10036230,Test Due #1,2001140,2010-12-21,2010-11-01
10009986,Test Due #1,2002449,2008-10-07,2008-10-07
10028055,Test Due #1,2001566,2009-07-16,2009-07-01
10021252,Test Due #1,2002334,2009-02-16,2009-02-16
10025741,Test Due #1,2001221,2009-03-19,2009-03-19
10030464,Test Due #1,2001121,2010-03-26,2010-01-01
10037213,Test Due #1,2001952,2014-04-11,2014-04-11
10037047,Test Due #1,2000469,2013-03-05,2013-03-01
10008211,Test Due #1,2000816,2008-10-07,2008-10-07
10025833,Test Due #1,2001404,2009-03-19,2009-03-19
10037181,Test Due #1,2000877,2014-04-11,2014-04-11
10037125,Test Due #1,2002458,2013-03-05,2012-07-01
3000260,Test Due #1 (Single),1119,2007-04-05,2007-04-05
10010114,Test Due #1,2002872,2008-10-07,2008-10-07
10015630,Test Due #1,2001952,2009-01-13,2009-01-13
10035480,Test Due #1,2002334,2010-05-21,2010-05-01
10036231,Test Due #1,2001248,2010-12-21,2010-11-01
10037131,Test Due #2,2001566,2013-03-05,2012-08-01
10036788,Test Due #2,2001382,2011-09-06,2011-05-01
10009385,Test Due #1,2000407,2008-10-07,2008-10-07
10025916,Test Due #1,2001531,2009-03-19,2009-03-19
10034174,Test Due #3,2000345,2010-04-26,2010-04-17
10035853,Test Due #3,2000949,2010-09-24,2010-06-15
10037220,Test Due #1,2002268,2014-04-11,2014-04-11
10036098,Test Due #2,2001590,2010-10-25,2010-10-01
10010113,Test Due #1,2002871,2008-10-07,2008-10-07
10028170,Test Due #1,2001970,2009-07-16,2009-06-01
10014839,Test Due #1,2000344,2009-01-13,2009-01-13
10036777,Test Due #1,2001661,2011-09-06,2011-04-01
10021691,Test Due #1,2003102,2009-02-16,2009-02-16
10035509,Test Due #2,2002268,2010-06-11,2010-05-01
10036213,Test Due #1,2003089,2010-12-21,2010-10-01
10036879,Test Due #2,2003108,2011-12-19,2011-11-01
3000533,Test Due #2,1197,2007-05-03,2007-04-01
10014873,Test Due #1,2000407,2009-01-13,2009-01-13
10021534,Test Due #1,2002872,2009-02-16,2009-02-16
10031617,Test Due #1,2000345,2010-03-29,2010-03-01
10037192,Test Due #2,2000593,2014-04-11,2014-03-01
10037184,Test Due #1,2000904,2014-04-11,2014-04-11
10037045,Test Due #1,2003102,2013-03-05,2013-02-01
10036900,Test Due #3,2000949,2011-12-19,2011-06-16
10035491,Test Due #2,2000816,2010-06-11,2010-05-01
10020023,Test Due #1,2000287,2009-02-16,2009-02-16
10020229,Test Due #1,2000617,2009-02-16,2009-02-16
10030318,Test Due #1,2000469,2010-03-26,2010-01-01
10034509,Test Due #1,2001214,2010-04-27,2010-04-01
10035333,Test Due #2,2001214,2010-05-07,2010-05-01
10036759,Test Due #1,2002873,2011-09-06,2011-07-01
10036685,Test Due #2,2001531,2011-03-25,2011-01-01
10030273,Test Due #1,2000344,2010-03-26,2010-01-01
10031626,Test Due #1,2000407,2010-03-29,2010-03-01
10032302,Test Due #1,2002872,2010-03-29,2010-03-01
10036779,Test Due #1,2002231,2011-09-06,2011-04-01
10036761,Test Due #1,2001569,2011-09-06,2011-06-01
10009392,Test Due #1,2000445,2008-10-07,2008-10-07
10031551,Test Due #1,2000065,2010-03-29,2010-03-01
10037195,Test Due #2,2000816,2014-04-11,2014-03-01
10037099,Test Due #1,2000491,2013-03-05,2012-06-01
10036878,Test Due #2,2003089,2011-12-19,2011-11-01
10035100,Test Due #1,2002040,2010-05-07,2010-05-01
10036296,Test Due #1,2001616,2010-12-21,2010-12-01
10036313,Test Due #1,2002458,2010-12-21,2010-12-01
10036870,Test Due #2,2001974,2011-12-19,2011-10-01
10036853,Test Due #1,2002067,2011-12-19,2011-10-01
10036748,Test Due #1,2000997,2011-09-06,2011-08-01
10037187,Test Due #1,2000997,2014-04-11,2014-04-11
10037122,Test Due #1,2001545,2013-03-05,2012-07-01
10027543,Test Due #3,2002067,2009-04-27,2009-04-27
10015165,Test Due #1,2000997,2009-01-13,2009-01-13
10018057,Test Due #1,2001382,2009-02-02,2009-02-02
10018167,Test Due #1,2001878,2009-02-02,2009-02-02
10020093,Test Due #1,2000407,2009-02-16,2009-02-16
10026719,Test Due #1,2002871,2009-03-19,2009-03-19
10037113,Test Due #2,2002334,2013-03-05,2012-07-01
10037049,Test Due #1,2002039,2013-03-05,2013-03-01
10036790,Test Due #2,2002231,2011-09-06,2011-05-01
10010492,Test Due #1,2001533,2008-10-13,2008-10-13
10036622,Test Due #1,2002419,2011-03-25,2011-03-01
10031616,Test Due #1,2000344,2010-03-29,2010-03-01
10036745,Test Due #1,2001974,2011-09-06,2011-09-01
10037050,Test Due #1,2002040,2013-03-05,2013-03-01
10036876,Test Due #2,2002449,2011-12-19,2011-11-01
10011665,Test Due #1,2000904,2009-01-13,2009-01-13
10015641,Test Due #1,2001967,2009-01-13,2009-01-13
10016221,Test Due #1,2002989,2009-01-13,2009-01-13
10029314,Test Due #1,2001935,2010-03-22,2009-10-01
10025221,Test Due #1,2000345,2009-03-19,2009-03-19
10037225,Test Due #1,2002459,2014-04-11,2014-04-11
10036812,Test Due #2,2002333,2011-09-06,2011-07-01
10011593,Test Due #1,2000469,2009-01-13,2009-01-13
10029615,Test Due #2,2001248,2010-03-23,2009-12-01
10031901,Test Due #1,2001214,2010-03-29,2010-03-01
10037193,Test Due #2,2000617,2014-04-11,2014-03-01
10035876,Test Due #3,2001569,2010-09-24,2010-07-16
10037202,Test Due #1,2000491,2014-04-11,2014-04-11
3000436,Test Due #1,1119,2007-05-03,2007-03-01
10027456,Test Due #3,2000819,2009-04-27,2009-04-27
10025925,Test Due #1,2001545,2009-03-19,2009-03-19
10032102,Test Due #1,2001974,2010-03-29,2010-03-01
10034548,Test Due #1,2002231,2010-04-27,2010-04-01
10035868,Test Due #3,2000491,2010-09-24,2010-07-16
10037160,Test Due #1,2001033,2013-03-05,2013-03-05
10035545,Test Due #1,2000491,2010-06-14,2010-06-01
10009658,Test Due #1,2001404,2008-10-07,2008-10-07
10032124,Test Due #1,2002039,2010-03-29,2010-03-01
10037224,Test Due #1,2002458,2014-04-11,2014-04-11
10037115,Test Due #2,2002475,2013-03-05,2012-07-01
10036762,Test Due #1,2001970,2011-09-06,2011-06-01
10009836,Test Due #1,2002040,2008-10-07,2008-10-07
10036629,Test Due #1,2000344,2011-03-25,2011-01-01
10021263,Test Due #1,2002359,2009-02-16,2009-02-16
10035777,Test Due #2,2001545,2010-09-24,2010-08-01
10036830,Test Due #2,2000997,2011-09-06,2011-09-01
10035553,Test Due #1,2001569,2010-06-14,2010-06-01
10035599,Test Due #2,2000445,2010-06-14,2010-06-01
10011689,Test Due #1,2000994,2009-01-13,2009-01-13
10033129,Test Due #1,2002268,2010-04-06,2010-04-01
10037163,Test Due #1,2001877,2013-03-05,2012-09-01
10036791,Test Due #2,2002268,2011-09-06,2011-05-01
10015142,Test Due #1,2000949,2009-01-13,2009-01-13
10028989,Test Due #1,2001616,2010-03-22,2009-08-31
10020459,Test Due #1,2000997,2009-02-16,2009-02-16
10030735,Test Due #2,2000295,2010-03-26,2010-01-31
10021347,Test Due #1,2002529,2009-02-16,2009-02-16
10037188,Test Due #1,2000999,2014-04-11,2014-04-11
10037092,Test Due #2,2000949,2013-03-05,2012-06-01
10009835,Test Due #1,2002039,2008-10-07,2008-10-07
10023392,Test Due #1,2000880,2009-03-11,2009-03-11
10025015,Test Due #1,1119,2009-03-19,2009-03-19
10036856,Test Due #1,2002989,2011-12-19,2011-10-01
10037054,Test Due #1,2000816,2013-03-05,2012-04-01
10037101,Test Due #1,2001970,2013-03-05,2012-06-01
10037057,Test Due #1,2001967,2013-03-05,2012-04-01
10020214,Test Due #1,2000593,2009-02-16,2009-02-16
10026238,Test Due #1,2002040,2009-03-19,2009-03-19
10031915,Test Due #1,2001275,2010-03-29,2010-03-01
10023439,Test Due #1,2001140,2009-03-11,2009-03-11
10026180,Test Due #1,2001952,2009-03-19,2009-03-19
10009131,Test Due #1,1119,2008-10-07,2008-10-07
10009642,Test Due #1,2001329,2008-10-07,2008-10-07
10009961,Test Due #1,2002359,2008-10-07,2008-10-07
10015489,Test Due #1,2001661,2009-01-13,2009-01-13
10015852,Test Due #1,2002333,2009-01-13,2009-01-13
10016307,Test Due #1,2003108,2009-01-13,2009-01-13
10030425,Test Due #1,2000994,2010-03-26,2010-01-01
10037166,Test Due #1,2002359,2013-03-05,2012-09-01
10036214,Test Due #1,2003108,2010-12-21,2010-10-01
10036871,Test Due #2,2002359,2011-12-19,2011-10-01
10019019,Test Due #4 Shut Off,2000999,2009-02-06,2009-02-06
10023525,Test Due #1,2001439,2009-03-11,2009-03-11
10027497,Test Due #3,2001329,2009-04-27,2009-04-27
10020340,Test Due #1,2000819,2009-02-16,2009-02-16
10020775,Test Due #1,2001569,2009-02-16,2009-02-16
10023436,Test Due #1,2001128,2009-03-11,2009-03-11
10025999,Test Due #1,2001661,2009-03-19,2009-03-19
10036665,Test Due #1,2000994,2011-03-25,2011-03-25
10035503,Test Due #2,2001661,2010-06-11,2010-05-01
10037198,Test Due #3,2000816,2014-04-11,2014-04-01
10037178,Test Due #1,2000621,2014-04-11,2014-04-11
10036740,Test Due #2,2002039,2011-09-01,2011-05-01
10037039,Test Due #1,2001121,2013-03-05,2013-01-01
10036769,Test Due #1,2000593,2011-09-06,2011-05-01
10036644,Test Due #1,2003102,2011-03-25,2011-02-01
10014884,Test Due #1,2000445,2009-01-13,2009-01-13
10015423,Test Due #1,2001545,2009-01-13,2009-01-13
10023673,Test Due #1,2002126,2009-03-11,2009-03-11
10037211,Test Due #1,2001877,2014-04-11,2014-04-11
10037135,Test Due #2,2002872,2013-03-05,2012-08-01
10027403,Test Due #3,2000344,2009-04-27,2009-04-27
10033393,Test Due #2,2000344,2010-04-06,2010-04-01
10037075,Test Due #1,2000287,2013-03-05,2012-05-01
10036749,Test Due #1,2001221,2011-09-06,2011-08-01
10037183,Test Due #1,2000882,2014-04-11,2014-04-11
10018166,Test Due #1,2001877,2009-02-02,2009-02-02
10018300,Test Due #1,2002419,2009-02-02,2009-02-02
10021066,Test Due #1,2002040,2009-02-16,2009-02-16
10021535,Test Due #1,2002873,2009-02-16,2009-02-16
10030294,Test Due #1,2000406,2010-03-26,2010-01-01
10036692,Test Due #3,2001187,2011-03-25,2011-01-17
10015953,Test Due #1,2002529,2009-01-13,2009-01-13
10025220,Test Due #1,2000344,2009-03-19,2009-03-19
10026228,Test Due #1,2002020,2009-03-19,2009-03-19
10037194,Test Due #2,2000621,2014-04-11,2014-03-01
10037102,Test Due #1,2002333,2013-03-05,2012-06-01
10027581,Test Due #3,2002871,2009-04-27,2009-04-27
10015414,Test Due #1,2001531,2009-01-13,2009-01-13
10019837,Test Due #1,1119,2009-02-16,2009-02-16
10020421,Test Due #1,2000949,2009-02-16,2009-02-16
10026499,Test Due #1,2002474,2009-03-19,2009-03-19
10029862,Test Due #1,2001616,2010-03-26,2009-12-01
10020752,Test Due #1,2001531,2009-02-16,2009-02-16
10025918,Test Due #1,2001533,2009-03-19,2009-03-19
10030259,Test Due #1,2000295,2010-03-26,2010-01-01
10036854,Test Due #1,2002126,2011-12-19,2011-10-01
10036767,Test Due #1,2000287,2011-09-06,2011-05-01
10036802,Test Due #2,2000445,2011-09-06,2011-06-01
10015432,Test Due #1,2001569,2009-01-13,2009-01-13
10019015,Test Due #4 Shut Off,2000410,2009-02-06,2009-02-06
10036691,Test Due #3,2000999,2011-03-25,2011-01-17
10032303,Test Due #1,2002873,2010-03-29,2010-03-01
10037034,Test Due #1,2000295,2013-03-05,2013-01-01
10036388,Test Due #2,2002126,2010-12-21,2010-11-01
10036766,Test Due #1,2002475,2011-09-06,2011-06-01
10036695,Test Due #3,2001533,2011-03-25,2011-01-17
10015303,Test Due #1,2001329,2009-01-13,2009-01-13
10017954,Test Due #1,2001140,2009-02-02,2009-02-02
10031625,Test Due #1,2000406,2010-03-29,2010-03-01
10036295,Test Due #1,2001533,2010-12-21,2010-12-01
10036855,Test Due #1,2002449,2011-12-19,2011-10-01
10037124,Test Due #1,2001952,2013-03-05,2012-07-01
10037052,Test Due #1,2002925,2013-03-05,2013-03-01
10009917,Test Due #1,2002268,2008-10-07,2008-10-07
10011734,Test Due #1,2001221,2009-01-13,2009-01-13
10023733,Test Due #1,2002459,2009-03-11,2009-03-11
10035644,Test Due #1,2001566,2010-09-24,2010-07-01
10031933,Test Due #1,2001329,2010-03-29,2010-03-01
10037186,Test Due #1,2000994,2014-04-11,2014-04-11
10036832,Test Due #2,2002459,2011-09-06,2011-09-01
10035779,Test Due #2,2001566,2010-09-24,2010-08-01
10020832,Test Due #1,2001661,2009-02-16,2009-02-16
10031121,Test Due #2,2003102,2010-03-29,2010-03-01
10037215,Test Due #1,2001970,2014-04-11,2014-04-11
10037179,Test Due #1,2000816,2014-04-11,2014-04-11
10037147,Test Due #1,2002459,2013-03-05,2012-08-01
10036858,Test Due #1,2003108,2011-12-19,2011-10-01
10036813,Test Due #2,2002334,2011-09-06,2011-07-01
10030295,Test Due #1,2000407,2010-03-26,2010-01-01
10034878,Test Due #1,2000593,2010-05-07,2010-05-01
10037180,Test Due #1,2000819,2014-04-11,2014-04-11
10037133,Test Due #2,2002458,2013-03-05,2012-08-01
10037068,Test Due #2,2002268,2013-03-05,2012-05-01
10036875,Test Due #2,2002126,2011-12-19,2011-11-01
10036625,Test Due #1,2002926,2011-03-25,2011-03-01
10017929,Test Due #1,2000994,2009-02-02,2009-02-02
10025393,Test Due #1,2000617,2009-03-19,2009-03-19
10031027,Test Due #1,2000877,2010-03-29,2010-01-29
10036633,Test Due #1,2000811,2011-03-25,2011-01-01
10036772,Test Due #1,2001403,2011-09-06,2011-05-01
10037148,Test Due #1,2002800,2013-03-05,2012-08-01
10037038,Test Due #1,2000994,2013-03-05,2013-01-01
10014957,Test Due #1,2000593,2009-01-13,2009-01-13
10017951,Test Due #1,2001128,2009-02-02,2009-02-02
10030388,Test Due #1,2000811,2010-03-26,2010-01-01
10030638,Test Due #1,2002248,2010-03-26,2010-01-01
10037077,Test Due #1,2000593,2013-03-05,2012-05-01
10037044,Test Due #1,2001935,2013-03-05,2013-02-01
10015336,Test Due #1,2001403,2009-01-13,2009-01-13
10019889,Test Due #1,1197,2009-02-16,2009-02-16
10037196,Test Due #2,2000819,2014-04-11,2014-03-01
10036636,Test Due #1,2000819,2011-03-25,2011-02-01
10036643,Test Due #1,2001935,2011-03-25,2011-02-01
10020056,Test Due #1,2000344,2009-02-16,2009-02-16
10021026,Test Due #1,2001967,2009-02-16,2009-02-16
10021192,Test Due #1,2002248,2009-02-16,2009-02-16
10036624,Test Due #1,2002925,2011-03-25,2011-03-01
10036747,Test Due #1,2003002,2011-09-06,2011-09-01
10036634,Test Due #1,2000994,2011-03-25,2011-01-01
10035733,Test Due #1,2003002,2010-09-24,2010-09-01
10015688,Test Due #1,2002067,2009-01-13,2009-01-13
10015785,Test Due #1,2002231,2009-01-13,2009-01-13
10033402,Test Due #2,2000469,2010-04-06,2010-04-01
10036756,Test Due #1,2001952,2011-09-06,2011-07-01
10015337,Test Due #1,2001404,2009-01-13,2009-01-13
10025067,Test Due #1,1197,2009-03-19,2009-03-19
10037200,Test Due #3,2000877,2014-04-11,2014-04-01
10037093,Test Due #2,2001403,2013-03-05,2012-06-01
10036860,Test Due #1,2000407,2011-12-19,2011-11-01
10036592,Test Due #3,2002126,2010-12-21,2010-11-16
10008402,Test Due #1,2002231,2008-10-07,2008-10-07
10020754,Test Due #1,2001533,2009-02-16,2009-02-16
10025617,Test Due #1,2000997,2009-03-19,2009-03-19
10037041,Test Due #1,2000819,2013-03-05,2013-02-01
10036778,Test Due #1,2001967,2011-09-06,2011-04-01
10036753,Test Due #1,2002801,2011-09-06,2011-08-01
10021533,Test Due #1,2002871,2009-02-16,2009-02-16
10025539,Test Due #1,2000882,2009-03-19,2009-03-19
10031846,Test Due #1,2000997,2010-03-29,2010-03-01
10037056,Test Due #1,2001661,2013-03-05,2012-04-01
10036765,Test Due #1,2002474,2011-09-06,2011-06-01
10036763,Test Due #1,2002333,2011-09-06,2011-06-01
10036684,Test Due #2,2001187,2011-03-25,2011-01-01
10014872,Test Due #1,2000406,2009-01-13,2009-01-13
10021251,Test Due #1,2002333,2009-02-16,2009-02-16
10031802,Test Due #1,2000819,2010-03-29,2010-03-01
10034521,Test Due #1,2001382,2010-04-27,2010-04-01
10036831,Test Due #2,2001221,2011-09-06,2011-09-01
10026253,Test Due #1,2002067,2009-03-19,2009-03-19
10037182,Test Due #1,2000880,2014-04-11,2014-04-11
10036811,Test Due #2,2001970,2011-09-06,2011-07-01
10011603,Test Due #1,2000491,2009-01-13,2009-01-13
10036789,Test Due #2,2001661,2011-09-06,2011-05-01
10027404,Test Due #3,2000345,2009-04-27,2009-04-27
10037176,Test Due #1,2000593,2014-04-11,2014-04-11
10036757,Test Due #1,2002871,2011-09-06,2011-07-01
10025397,Test Due #1,2000621,2009-03-19,2009-03-19
10025917,Test Due #1,2001532,2009-03-19,2009-03-19
10035745,Test Due #2,2000491,2010-09-24,2010-07-01
10037104,Test Due #1,2002474,2013-03-05,2012-06-01
10036293,Test Due #1,2001531,2010-12-21,2010-12-01
10036744,Test Due #1,2001878,2011-09-06,2011-09-01
10037210,Test Due #1,2001661,2014-04-11,2014-04-11
10037112,Test Due #2,2002333,2013-03-05,2012-07-01
10036225,Test Due #1,2000877,2010-12-21,2010-11-01
10036899,Test Due #3,2000445,2011-12-19,2011-06-16
10036861,Test Due #1,2000877,2011-12-19,2011-11-01
10025256,Test Due #1,2000406,2009-03-19,2009-03-19
10035099,Test Due #1,2002039,2010-05-07,2010-05-01
10035505,Test Due #2,2001967,2010-06-11,2010-05-01
10021209,Test Due #1,2002268,2009-02-16,2009-02-16
10032125,Test Due #1,2002040,2010-03-29,2010-03-01
10036040,Test Due #1,2001128,2010-10-25,2010-10-01
10037216,Test Due #1,2002067,2014-04-11,2014-04-11
10008309,Test Due #1,2001661,2008-10-07,2008-10-07
10036632,Test Due #1,2000469,2011-03-25,2011-03-01
10031660,Test Due #1,2000469,2010-03-29,2010-03-01
10037132,Test Due #2,2001952,2013-03-05,2012-08-01
10036873,Test Due #2,2001128,2011-12-19,2011-11-01
10027582,Test Due #3,2002872,2009-04-27,2009-04-27
10020579,Test Due #1,2001221,2009-02-16,2009-02-16
10021321,Test Due #1,2002474,2009-02-16,2009-02-16
10021608,Test Due #1,2002989,2009-02-16,2009-02-16
10037161,Test Due #1,2000287,2013-03-05,2013-03-05
10009384,Test Due #1,2000406,2008-10-07,2008-10-07
10017906,Test Due #1,2000880,2009-02-02,2009-02-02
10037212,Test Due #1,2001878,2014-04-11,2014-04-11
10037037,Test Due #1,2000410,2013-03-05,2013-01-01
10036561,Test Due #3,2001590,2010-12-21,2010-10-16
10036865,Test Due #1,2001329,2011-12-19,2011-11-01
10036764,Test Due #1,2002334,2011-09-06,2011-06-01
10009949,Test Due #1,2002333,2008-10-07,2008-10-07
10027489,Test Due #3,2001275,2009-04-27,2009-04-27
10016144,Test Due #1,2002873,2009-01-13,2009-01-13
10029567,Test Due #1,2001248,2010-03-23,2009-11-30
10033086,Test Due #1,2001967,2010-04-06,2010-04-01
10037111,Test Due #2,2001970,2013-03-05,2012-07-01
10009182,Test Due #1,1197,2008-10-07,2008-10-07
10009450,Test Due #1,2000617,2008-10-07,2008-10-07
10032158,Test Due #1,2002231,2010-03-29,2010-03-01
10037199,Test Due #3,2000819,2014-04-11,2014-04-01
10037076,Test Due #1,2000445,2013-03-05,2012-05-01
10035687,Test Due #1,2002020,2010-09-24,2010-08-01
10029909,Test Due #2,2002926,2010-03-26,2010-01-01
10035341,Test Due #2,2001382,2010-05-07,2010-05-01
10037046,Test Due #1,2000065,2013-03-05,2013-03-01
10036775,Test Due #1,2001214,2011-09-06,2011-04-01
10029891,Test Due #1,2002926,2010-03-26,2009-12-01
10030651,Test Due #1,2002449,2010-03-26,2010-01-01
10034999,Test Due #1,2001404,2010-05-07,2010-05-01
10037206,Test Due #1,2001221,2014-04-11,2014-04-11
10037167,Test Due #1,2003002,2013-03-05,2012-09-01
10037146,Test Due #1,2001221,2013-03-05,2012-08-01
10036751,Test Due #1,2002459,2011-09-06,2011-08-01
10036750,Test Due #1,2002020,2011-09-06,2011-08-01
10036635,Test Due #1,2001121,2011-03-25,2011-01-01
10008240,Test Due #1,2000997,2008-10-07,2008-10-07
10021322,Test Due #1,2002475,2009-02-16,2009-02-16
10023516,Test Due #1,2001382,2009-03-11,2009-03-11
10026788,Test Due #1,2002989,2009-03-19,2009-03-19
10036284,Test Due #1,2000999,2010-12-21,2010-12-01
10009702,Test Due #1,2001531,2008-10-07,2008-10-07
10027583,Test Due #3,2002873,2009-04-27,2009-04-27
10014840,Test Due #1,2000345,2009-01-13,2009-01-13
10016142,Test Due #1,2002871,2009-01-13,2009-01-13
10033445,Test Due #2,2002871,2010-04-06,2010-04-01
10034848,Test Due #1,2000287,2010-05-07,2010-05-01
10028770,Test Due #1,2002801,2010-03-19,2009-08-01
10036278,Test Due #1,2000880,2010-12-21,2010-12-01
10009717,Test Due #1,2001590,2008-10-07,2008-10-07
10016304,Test Due #1,2003102,2009-01-13,2009-01-13
10020786,Test Due #1,2001590,2009-02-16,2009-02-16
10023304,Test Due #1,2000410,2009-03-11,2009-03-11
10031904,Test Due #1,2001221,2010-03-29,2010-03-01
10037053,Test Due #1,2002926,2013-03-05,2013-03-01
10036664,Test Due #1,2000811,2011-03-25,2011-03-25
10037100,Test Due #1,2001569,2013-03-05,2012-06-01
10036864,Test Due #1,2001248,2011-12-19,2011-11-01
10037048,Test Due #1,2001275,2013-03-05,2013-03-01
10008145,Test Due #1,2000345,2008-10-07,2008-10-07
10014972,Test Due #1,2000617,2009-01-13,2009-01-13
10036659,Test Due #2,2003102,2011-03-25,2011-03-01
10018433,Test Due #1,2003089,2009-02-02,2009-02-02
10036286,Test Due #1,2001033,2010-12-21,2010-12-01
10036862,Test Due #1,2000880,2011-12-19,2011-11-01
10035755,Test Due #2,2001970,2010-09-24,2010-07-01
10036628,Test Due #1,2000295,2011-03-25,2011-01-01
10015928,Test Due #1,2002475,2009-01-13,2009-01-13
10031066,Test Due #1,2002801,2010-03-29,2010-01-29
10034173,Test Due #3,2000344,2010-04-26,2010-04-17
10037214,Test Due #1,2001967,2014-04-11,2014-04-11
10036770,Test Due #1,2000621,2011-09-06,2011-05-01
10009513,Test Due #1,2000882,2008-10-07,2008-10-07
10015102,Test Due #1,2000882,2009-01-13,2009-01-13
10031815,Test Due #1,2000904,2010-03-29,2010-03-01
10037191,Test Due #1,2001121,2014-04-11,2014-04-11
10023412,Test Due #1,2000994,2009-03-11,2009-03-11
10026426,Test Due #1,2002334,2009-03-19,2009-03-19
10037165,Test Due #1,2001974,2013-03-05,2012-09-01
10036743,Test Due #1,2001877,2011-09-06,2011-09-01
10009906,Test Due #1,2002248,2008-10-07,2008-10-07
10010159,Test Due #1,2002989,2008-10-07,2008-10-07
10020620,Test Due #1,2001329,2009-02-16,2009-02-16
10020761,Test Due #1,2001545,2009-02-16,2009-02-16
10031030,Test Due #1,2001007,2010-03-29,2010-01-29
10036736,Test Due #2,2002925,2011-09-01,2011-04-01
10026366,Test Due #1,2002248,2009-03-19,2009-03-19
10037114,Test Due #2,2002474,2013-03-05,2012-07-01
10011731,Test Due #1,2001214,2009-01-13,2009-01-13
10037190,Test Due #1,2001033,2014-04-11,2014-04-11
10036279,Test Due #1,2000882,2010-12-21,2010-12-01
10036618,Test Due #1,2000065,2011-03-25,2011-03-01
10030646,Test Due #1,2002359,2010-03-26,2010-01-01
10032977,Test Due #1,2000816,2010-04-06,2010-04-01
10037226,Test Due #1,2003089,2014-04-11,2014-04-11
10036752,Test Due #1,2002800,2011-09-06,2011-08-01
10035721,Test Due #1,2001590,2010-09-24,2010-09-01
10014687,Test Due #1,1197,2009-01-13,2009-01-13
10015443,Test Due #1,2001590,2009-01-13,2009-01-13
10018314,Test Due #1,2002458,2009-02-02,2009-02-02
10026425,Test Due #1,2002333,2009-03-19,2009-03-19
10031057,Test Due #1,2001935,2010-03-29,2010-01-29
10036627,Test Due #1,2002040,2011-03-25,2011-03-01
10037203,Test Due #1,2000811,2014-04-11,2014-04-11
10024317,Test Due #1,2003102,2009-03-13,2009-03-13
10037222,Test Due #1,2002334,2014-04-11,2014-04-11
10023840,Test Due #1,2003089,2009-03-11,2009-03-11
10037058,Test Due #1,2002231,2013-03-05,2012-04-01
10036774,Test Due #1,2000816,2011-09-06,2011-04-01
10031079,Test Due #1,2003102,2010-03-29,2010-01-29
10035461,Test Due #1,2000445,2010-05-21,2010-05-01
10036869,Test Due #2,2001878,2011-12-19,2011-10-01
10037162,Test Due #1,2004657,2013-03-05,2013-03-05
10037127,Test Due #1,2002872,2013-03-05,2012-07-01
10027022,Test Due #2,2000469,2009-04-14,2009-04-14
10023607,Test Due #1,2001877,2009-03-11,2009-03-11
10023732,Test Due #1,2002458,2009-03-11,2009-03-11
10026529,Test Due #1,2002529,2009-03-19,2009-03-19
10026721,Test Due #1,2002873,2009-03-19,2009-03-19
10036052,Test Due #1,2002126,2010-10-25,2010-10-01
10036235,Test Due #1,2001439,2010-12-21,2010-11-01
10037091,Test Due #2,2000621,2013-03-05,2012-06-01
10036822,Test Due #2,2001566,2011-09-06,2011-08-01
10036688,Test Due #2,2001616,2011-03-25,2011-01-01
10015066,Test Due #1,2000816,2009-01-13,2009-01-13
10033064,Test Due #1,2001661,2010-04-06,2010-04-01
10037105,Test Due #1,2002475,2013-03-05,2012-06-01
10008144,Test Due #1,2000344,2008-10-07,2008-10-07
10027033,Test Due #2,2001275,2009-04-14,2009-04-14
10014813,Test Due #1,2000287,2009-01-13,2009-01-13
10017827,Test Due #1,2000491,2009-02-02,2009-02-02
10037177,Test Due #1,2000617,2014-04-11,2014-04-11
10037123,Test Due #1,2001566,2013-03-05,2012-07-01
10025558,Test Due #1,2000904,2009-03-19,2009-03-19
10030274,Test Due #1,2000345,2010-03-26,2010-01-01
10030493,Test Due #1,2001404,2010-03-26,2010-01-01
10035479,Test Due #1,2002333,2010-05-21,2010-05-01
10037145,Test Due #1,2000997,2013-03-05,2012-08-01
10036995,Test Due #3,2002989,2011-12-19,2011-11-17
10036755,Test Due #1,2001566,2011-09-06,2011-07-01
10015864,Test Due #1,2002359,2009-01-13,2009-01-13
10015914,Test Due #1,2002449,2009-01-13,2009-01-13
10018004,Test Due #1,2001275,2009-02-02,2009-02-02
10026437,Test Due #1,2002359,2009-03-19,2009-03-19
10037217,Test Due #1,2002126,2014-04-11,2014-04-11
10036393,Test Due #2,2001140,2010-12-21,2010-12-01
3000530,Test Due #2,1119,2007-05-03,2007-04-01
10035523,Test Due #3,2001967,2010-06-11,2010-05-16
10009710,Test Due #1,2001569,2008-10-07,2008-10-07
10029661,Test Due #1,2000877,2010-03-24,2009-11-01
10025496,Test Due #1,2000816,2009-03-19,2009-03-19
10033446,Test Due #2,2002872,2010-04-06,2010-04-01
10027541,Test Due #3,2002039,2009-04-27,2009-04-27
10037207,Test Due #1,2001545,2014-04-11,2014-04-11
3000439,Test Due #1,1197,2007-05-03,2007-03-01
10014635,Test Due #1,1119,2009-01-13,2009-01-13
10021184,Test Due #1,2002231,2009-02-16,2009-02-16
10023608,Test Due #1,2001878,2009-03-11,2009-03-11
10032313,Test Due #1,2002926,2010-03-29,2010-03-01
10036792,Test Due #2,2002529,2011-09-06,2011-05-01
10035725,Test Due #1,2001878,2010-09-24,2010-09-01
10015674,Test Due #1,2002039,2009-01-13,2009-01-13
10015853,Test Due #1,2002334,2009-01-13,2009-01-13
10037136,Test Due #2,2002873,2013-03-05,2012-08-01
10037051,Test Due #1,2002419,2013-03-05,2013-03-01
10036996,Test Due #3,2003108,2011-12-19,2011-11-17
10036638,Test Due #1,2001007,2011-03-25,2011-02-01
10021694,Test Due #1,2003108,2009-02-16,2009-02-16
10022036,Test Due #1,2000287,2009-02-16,2009-02-16
10036663,Test Due #1,2000410,2011-03-25,2011-03-25
10020114,Test Due #1,2000445,2009-02-16,2009-02-16
10025191,Test Due #1,2000287,2009-03-19,2009-03-19
10026199,Test Due #1,2001974,2009-03-19,2009-03-19
10026356,Test Due #1,2002231,2009-03-19,2009-03-19
10037208,Test Due #1,2001566,2014-04-11,2014-04-11
10037042,Test Due #1,2000904,2013-03-05,2013-02-01
10036637,Test Due #1,2000904,2011-03-25,2011-02-01
10011759,Test Due #1,2001382,2009-01-13,2009-01-13
10029016,Test Due #1,2003002,2010-03-22,2009-08-31
10021308,Test Due #1,2002449,2009-02-16,2009-02-16
10026720,Test Due #1,2002872,2009-03-19,2009-03-19
10036061,Test Due #1,2002989,2010-10-25,2010-10-01
10036289,Test Due #1,2001187,2010-12-21,2010-12-01
10037036,Test Due #1,2000345,2013-03-05,2013-01-01
10036746,Test Due #1,2002359,2011-09-06,2011-09-01
10009994,Test Due #1,2002475,2008-10-07,2008-10-07
10015675,Test Due #1,2002040,2009-01-13,2009-01-13
10020753,Test Due #1,2001532,2009-02-16,2009-02-16
10032207,Test Due #1,2002459,2010-03-29,2010-03-01
10037164,Test Due #1,2001878,2013-03-05,2012-09-01
10036852,Test Due #1,2001128,2011-12-19,2011-10-01
10037040,Test Due #1,2001382,2013-03-05,2013-01-01
10037035,Test Due #1,2000344,2013-03-05,2013-01-01
10027423,Test Due #3,2000469,2009-04-27,2009-04-27
10028769,Test Due #1,2002800,2010-03-19,2009-08-01
10029562,Test Due #1,2000877,2010-03-23,2009-11-30
10025498,Test Due #1,2000819,2009-03-19,2009-03-19
10026383,Test Due #1,2002268,2009-03-19,2009-03-19
10037043,Test Due #1,2001007,2013-03-05,2013-02-01
10036737,Test Due #2,2002926,2011-09-01,2011-04-01
10008138,Test Due #1,2000287,2008-10-07,2008-10-07
10009993,Test Due #1,2002474,2008-10-07,2008-10-07
10036682,Test Due #2,2000882,2011-03-25,2011-01-01
10025784,Test Due #1,2001329,2009-03-19,2009-03-19
10037209,Test Due #1,2001569,2014-04-11,2014-04-11
10037078,Test Due #1,2000621,2013-03-05,2012-05-01
10037066,Test Due #2,2001967,2013-03-05,2012-05-01
10036758,Test Due #1,2002872,2011-09-06,2011-07-01
10036686,Test Due #2,2001532,2011-03-25,2011-01-01
10009842,Test Due #1,2002067,2008-10-07,2008-10-07
10011656,Test Due #1,2000819,2009-01-13,2009-01-13
10030298,Test Due #1,2000410,2010-03-26,2010-01-01
10034884,Test Due #1,2000621,2010-05-07,2010-05-01
10037201,Test Due #1,2000445,2014-04-11,2014-04-11
10035957,Test Due #3,2001545,2010-09-24,2010-08-17
10036863,Test Due #1,2001140,2011-12-19,2011-11-01
10036694,Test Due #3,2001532,2011-03-25,2011-01-17
10036620,Test Due #1,2001275,2011-03-25,2011-03-01
10008535,Test Due #1,2003102,2008-10-07,2008-10-07
10009230,Test Due #1,2000065,2008-10-07,2008-10-07
10009823,Test Due #1,2001952,2008-10-07,2008-10-07
10020574,Test Due #1,2001214,2009-02-16,2009-02-16
10016143,Test Due #1,2002872,2009-01-13,2009-01-13
10029067,Test Due #1,2000287,2010-03-22,2009-10-16
10037059,Test Due #1,2002268,2013-03-05,2012-04-01
10036626,Test Due #1,2002039,2011-03-25,2011-03-01
10011851,Test Due #1,2001974,2009-01-13,2009-01-13
10026866,Test Due #1,2003108,2009-03-19,2009-03-19
10036683,Test Due #2,2000999,2011-03-25,2011-01-01
10036267,Test Due #1,2000617,2010-12-21,2010-12-01
10030490,Test Due #1,2001382,2010-03-26,2010-01-01
10034927,Test Due #1,2000949,2010-05-07,2010-05-01
10037126,Test Due #1,2002871,2013-03-05,2012-07-01
10037103,Test Due #1,2002334,2013-03-05,2012-06-01
10036687,Test Due #2,2001533,2011-03-25,2011-01-01
10036631,Test Due #1,2000410,2011-03-25,2011-01-01
10021081,Test Due #1,2002067,2009-02-16,2009-02-16
10025579,Test Due #1,2000949,2009-03-19,2009-03-19
10025939,Test Due #1,2001569,2009-03-19,2009-03-19
10032200,Test Due #1,2002419,2010-03-29,2010-03-01
10030492,Test Due #1,2001403,2010-03-26,2010-01-01
10033447,Test Due #2,2002873,2010-04-06,2010-04-01
10034998,Test Due #1,2001403,2010-05-07,2010-05-01
10036874,Test Due #2,2002067,2011-12-19,2011-11-01
10021030,Test Due #1,2001974,2009-02-16,2009-02-16
10033168,Test Due #1,2002529,2010-04-06,2010-04-01
10037219,Test Due #1,2002248,2014-04-11,2014-04-11
10036294,Test Due #1,2001532,2010-12-21,2010-12-01
10015810,Test Due #1,2002268,2009-01-13,2009-01-13
10020669,Test Due #1,2001404,2009-02-16,2009-02-16
10036867,Test Due #2,2001590,2011-12-19,2011-10-01
10035527,Test Due #3,2002268,2010-06-11,2010-05-16
10023716,Test Due #1,2002419,2009-03-11,2009-03-11
10029826,Test Due #1,2000065,2010-03-26,2009-12-01
10029844,Test Due #1,2001033,2010-03-26,2009-12-01
10035959,Test Due #3,2001566,2010-09-24,2010-08-17
10036801,Test Due #2,2000287,2011-09-06,2011-06-01
10036693,Test Due #3,2001531,2011-03-25,2011-01-17
10037128,Test Due #1,2002873,2013-03-05,2012-07-01
10010115,Test Due #1,2002873,2008-10-07,2008-10-07
10021011,Test Due #1,2001952,2009-02-16,2009-02-16
10025257,Test Due #1,2000407,2009-03-19,2009-03-19
10029908,Test Due #2,2002925,2010-03-26,2010-01-01
10032301,Test Due #1,2002871,2010-03-29,2010-03-01
10032312,Test Due #1,2002925,2010-03-29,2010-03-01
10037081,Test Due #1,2001404,2013-03-05,2012-05-01
10036821,Test Due #2,2001545,2011-09-06,2011-08-01
10036754,Test Due #1,2001545,2011-09-06,2011-07-01
10027501,Test Due #3,2001404,2009-04-27,2009-04-27
10020057,Test Due #1,2000345,2009-02-16,2009-02-16
10037223,Test Due #1,2002449,2014-04-11,2014-04-11
10037067,Test Due #2,2002231,2013-03-05,2012-05-01
10036868,Test Due #2,2001877,2011-12-19,2011-10-01
10037218,Test Due #1,2002231,2014-04-11,2014-04-11
10037149,Test Due #1,2002801,2013-03-05,2012-08-01
10035724,Test Due #1,2001877,2010-09-24,2010-09-01
10017812,Test Due #1,2000469,2009-02-02,2009-02-02
10035726,Test Due #1,2001974,2010-09-24,2010-09-01
10020092,Test Due #1,2000406,2009-02-16,2009-02-16
10035753,Test Due #2,2001569,2010-09-24,2010-07-01
10033394,Test Due #2,2000345,2010-04-06,2010-04-01
10037082,Test Due #1,2004657,2013-03-05,2012-05-01
10036781,Test Due #1,2002529,2011-09-06,2011-04-01
10036780,Test Due #1,2002268,2011-09-06,2011-04-01
10035600,Test Due #2,2000949,2010-06-14,2010-06-01
10018244,Test Due #1,2002126,2009-02-02,2009-02-02
10023473,Test Due #1,2001275,2009-03-11,2009-03-11
10035391,Test Due #2,2002529,2010-05-07,2010-05-01
10037204,Test Due #1,2001128,2014-04-11,2014-04-11
10037134,Test Due #2,2002871,2013-03-05,2012-08-01
10014976,Test Due #1,2000621,2009-01-13,2009-01-13
10029890,Test Due #1,2002925,2010-03-26,2009-12-01
10036394,Test Due #2,2001248,2010-12-21,2010-12-01
10009832,Test Due #1,2002020,2008-10-07,2008-10-07
10037221,Test Due #1,2002333,2014-04-11,2014-04-11
10037080,Test Due #1,2001403,2013-03-05,2012-05-01
10015927,Test Due #1,2002474,2009-01-13,2009-01-13
10031065,Test Due #1,2002800,2010-03-29,2010-01-29
10032131,Test Due #1,2002067,2010-03-29,2010-03-01
10037197,Test Due #2,2000877,2014-04-11,2014-03-01
10019031,Test Due #1,2000410,2009-02-06,2009-02-06
10021065,Test Due #1,2002039,2009-02-16,2009-02-16
10023414,Test Due #1,2000999,2009-03-11,2009-03-11
10026486,Test Due #1,2002449,2009-03-19,2009-03-19
10035878,Test Due #3,2001970,2010-09-24,2010-07-16
10037079,Test Due #1,2000949,2013-03-05,2012-05-01
10036823,Test Due #2,2001952,2011-09-06,2011-08-01
10036696,Test Due #3,2001616,2011-03-25,2011-01-17
10036666,Test Due #1,2001121,2011-03-25,2011-03-25
10015796,Test Due #1,2002248,2009-01-13,2009-01-13
10035642,Test Due #1,2001545,2010-09-24,2010-07-01
10026237,Test Due #1,2002039,2009-03-19,2009-03-19
10031705,Test Due #1,2000593,2010-03-29,2010-03-01
10036760,Test Due #1,2000491,2011-09-06,2011-06-01
10035521,Test Due #3,2001661,2010-06-11,2010-05-16
10009950,Test Due #1,2002334,2008-10-07,2008-10-07
10020381,Test Due #1,2000882,2009-02-16,2009-02-16
10020400,Test Due #1,2000904,2009-02-16,2009-02-16
10023313,Test Due #1,2000469,2009-03-11,2009-03-11
10033383,Test Due #2,2000065,2010-04-06,2010-04-01
10010211,Test Due #1,2003108,2008-10-07,2008-10-07
10010491,Test Due #1,2001532,2008-10-13,2008-10-13
10031953,Test Due #1,2001404,2010-03-29,2010-03-01
